block_size,tokens_per_step,problem_idx,tier,n_tokens,stop,repeat4,boxed,correct,progress,redundancy,coverage
16,1,0,easy,736,box,0.25773195876288657,1,1,-0.08571428571428573,0.33911036875709744,0.5769216749660098
16,1,1,easy,384,box,0.13157894736842102,1,1,-0.7142857142857143,0.36572552688645293,0.6762387894607519
16,1,2,easy,512,box,0.20274914089347074,1,1,0.2571428571428572,0.27199457534076926,0.5436147502333666
16,1,3,easy,768,budget,0.3319919517102615,0,0,0.6,0.3806558977546412,0.4153100508741781
16,1,4,easy,768,budget,0.11969111969111967,0,0,-0.8285714285714287,0.38270460144795726,0.48713314413361003
16,1,5,easy,768,budget,0.0892857142857143,0,0,0.7142857142857143,0.21813470223361886,0.4307774641935721
16,1,6,easy,768,budget,0.20643431635388743,0,0,0.08571428571428573,0.2399332158070892,0.4538184770769641
16,1,7,easy,368,box,0.035532994923857864,1,1,0.48571428571428577,0.21801047791471048,0.5294483632547832
16,1,8,easy,336,box,0.05464480874316935,1,1,0.3714285714285715,0.15013530749087922,0.56382475905802
16,1,9,easy,528,box,0.20952380952380956,1,0,0.4285714285714286,0.2042280748282736,0.47264135804695157
16,1,10,easy,608,box,0.22248803827751196,1,0,-0.6,0.37502919980456556,0.45396957540528105
16,1,11,easy,240,box,0.03539823008849563,1,1,0.14285714285714288,0.10594399608277788,0.2986170198185904
16,1,12,easy,368,box,0.014705882352941124,1,1,-0.6571428571428573,0.09398112734657411,0.519805653319482
16,1,13,easy,432,box,0.053497942386831254,1,0,0.8285714285714287,0.11894723120511651,0.3359123712996062
16,1,14,easy,224,box,0.12048192771084343,1,0,0.6571428571428573,0.20893643587251573,0.5079363692631188
16,1,15,easy,400,box,0.06818181818181823,1,1,-0.5428571428571429,0.29684333451413847,0.4200056512639624
16,1,16,easy,240,box,0.06299212598425197,1,1,0.14285714285714288,0.08554409496860702,0.5308281635213035
16,1,17,easy,240,box,0.12727272727272732,1,1,0.4285714285714286,0.21330057069538172,0.556664915233834
16,1,18,easy,544,box,0.14876033057851235,1,1,0.028571428571428574,0.12840491242555335,0.5115513146558291
16,1,19,easy,768,budget,0.3545454545454545,0,0,-0.8285714285714287,0.4846150308108544,0.31729233768590487
16,1,20,medium,736,box,0.09383378016085786,1,1,-0.7142857142857143,0.188732529722649,0.48933409390312754
16,1,21,medium,720,box,0.18936170212765957,1,1,-0.6,0.288053988671878,0.4108618589915125
16,1,22,medium,400,box,0.1512605042016807,1,0,0.14285714285714288,0.20424934160748068,0.411287183115023
16,1,23,medium,416,box,0.23921568627450984,1,0,-0.08571428571428573,0.22898111130592472,0.36664255671586443
16,1,24,medium,464,box,0.18220338983050843,1,0,-0.4285714285714286,0.25462151203465994,0.29118771582447517
16,1,25,medium,768,budget,0.2815734989648033,0,0,0.4285714285714286,0.26228940454527583,0.4419257064789662
16,1,26,medium,656,box,0.16666666666666663,1,0,0.6571428571428573,0.25226499562302285,0.3188169811762931
16,1,27,medium,768,budget,0.014577259475218707,0,0,-0.6571428571428573,0.18888645777588955,0.4984968682133944
16,1,28,medium,768,budget,0.14161849710982655,0,0,-0.4285714285714286,0.2585736470122741,0.32696921661169687
16,1,29,medium,752,box,0.11262798634812288,1,1,0.6,0.23997411997481807,0.39142179606094973
16,1,30,hard,656,box,0.06644518272425248,1,0,0.7714285714285715,0.295384595237796,0.5503739155449422
16,1,31,hard,768,budget,0.08580858085808585,0,0,-0.8857142857142858,0.23051571224696268,0.4865036173224581
16,1,32,hard,384,eos,0.1188118811881188,0,0,0.2,0.19647622761179198,0.4205869353180836
16,1,33,hard,656,box,0.10964912280701755,1,1,0.7714285714285715,0.21036143910460464,0.5211916073383442
16,1,34,hard,448,box,0.17824773413897277,1,0,-0.6,0.2767306853860732,0.6280972893482487
16,1,35,hard,256,box,0.07339449541284404,1,1,0.6,0.1703663977683929,0.3028106191271886
16,1,36,hard,768,budget,0.12459016393442623,0,0,-0.14285714285714288,0.33651501791751137,0.36476695505499057
16,1,37,hard,608,box,0.22029702970297027,1,1,0.2571428571428572,0.31949864479694834,0.6296333272527885
16,1,38,hard,752,box,0.1607629427792916,1,0,0.5428571428571429,0.2523904583157728,0.31720993091484184
16,1,39,hard,768,budget,0.5056818181818181,0,0,-0.8285714285714287,0.5482711670507581,0.4221457247171678
16,2,0,easy,768,budget,0.836223506743738,0,0,-0.48571428571428577,0.9363421241970147,0.4769811406035345
16,2,1,easy,432,box,0.12244897959183676,1,1,-0.6,0.3649359750083238,0.6594610842496125
16,2,2,easy,512,box,0.14,1,1,0.5428571428571429,0.21655531219907273,0.5638618299441972
16,2,3,easy,336,box,0.1759656652360515,1,1,0.7142857142857143,0.1723475037445164,0.5027551514214034
16,2,4,easy,768,budget,0.5384615384615384,0,0,-0.7142857142857143,0.5342625800524363,0.32060005699780214
16,2,5,easy,768,budget,0.05517241379310345,0,0,0.6,0.23402586565701966,0.46926458201731935
16,2,6,easy,768,budget,0.1795580110497238,0,0,0.08571428571428573,0.30956550303616676,0.5053192429535287
16,2,7,easy,336,box,0.024271844660194164,1,1,0.3714285714285715,0.22230242905956268,0.5220027048866218
16,2,8,easy,496,box,0.13772455089820357,1,1,-0.08571428571428573,0.209907092188497,0.5652985629757055
16,2,9,easy,336,box,0.07042253521126762,1,0,0.3714285714285715,0.1720282338608779,0.48168762767690243
16,2,10,easy,608,box,0.22654462242562934,1,0,-0.5428571428571429,0.35475491565509015,0.41455330457539213
16,2,11,easy,224,box,0.021276595744680882,1,1,0.08571428571428573,0.11723539152334546,0.30331586963252455
16,2,12,easy,464,box,0.03515625,1,1,-0.14285714285714288,0.16432260696802967,0.5665434466205079
16,2,13,easy,768,budget,0.8611111111111112,0,0,-0.2571428571428572,0.8834802987549396,0.11908171716165881
16,2,14,easy,368,box,0.15116279069767447,1,1,0.4285714285714286,0.2583717122803945,0.5768193628743333
16,2,15,easy,400,box,0.12741312741312738,1,0,-0.6,0.3675844990033108,0.3692926288865409
16,2,16,easy,208,box,0.018181818181818188,1,1,0.14285714285714288,0.11098898144357096,0.5174787740851735
16,2,17,easy,224,box,0.13,1,1,0.4285714285714286,0.21872444346087683,0.5540992986652296
16,2,18,easy,736,box,0.12403100775193798,1,1,-0.14285714285714288,0.16028431435343707,0.4704888074557916
16,2,19,easy,544,box,0.37658227848101267,1,0,0.8285714285714287,0.43559117729820157,0.4313152069316087
16,2,20,medium,768,budget,0.6678200692041523,0,0,-0.8451542547285166,0.5687230829995291,0.252863597056575
16,2,21,medium,736,box,0.1680851063829787,1,1,-0.3714285714285715,0.19219017209735542,0.3469679251793746
16,2,22,medium,400,box,0.09876543209876543,1,0,0.5428571428571429,0.1576992927892435,0.5108618410676213
16,2,23,medium,704,box,0.1031518624641834,1,0,0.14285714285714288,0.19121298780348778,0.3373346972783711
16,2,24,medium,416,box,0.14406779661016944,1,0,-0.2571428571428572,0.34555708366316135,0.29631546207321696
16,2,25,medium,768,budget,0.3752808988764045,0,0,-0.08571428571428573,0.27304079740237736,0.37588272281010515
16,2,26,medium,704,box,0.08423326133909292,1,0,0.2,0.24777431093494037,0.3332667061626217
16,2,27,medium,768,budget,0.09535452322738391,0,0,-0.6571428571428573,0.2099527114164435,0.4617508278671613
16,2,28,medium,688,box,0.1054421768707483,1,0,0.08571428571428573,0.2899155214903276,0.4205879568446384
16,2,29,medium,352,box,0.039024390243902474,1,1,0.14285714285714288,0.2266115722485941,0.47577201562693694
16,2,30,hard,512,box,0.055276381909547756,1,0,-0.3142857142857143,0.19823932083801,0.5802368033873416
16,2,31,hard,768,budget,0.07586206896551728,0,0,-0.942857142857143,0.25791297968747984,0.4628938517848959
16,2,32,hard,48,eos,0.0,0,0,nan,nan,nan
16,2,33,hard,496,box,0.13095238095238093,1,0,0.48571428571428577,0.2962990905838708,0.4970300446817791
16,2,34,hard,288,eos,0.14691943127962082,0,0,0.2571428571428572,0.28707579224186575,0.5708297290870866
16,2,35,hard,160,eos,0.0,0,0,0.028571428571428574,0.14113295492960506,0.24113757743100972
16,2,36,hard,592,box,0.11764705882352944,1,0,-0.7714285714285715,0.34723211893130296,0.23936129337277137
16,2,37,hard,384,box,0.3290598290598291,1,1,0.028571428571428574,0.35024784596505926,0.5261632912735464
16,2,38,hard,688,box,0.053291536050156685,1,1,0.6571428571428573,0.16336609889027423,0.35573831248581184
16,2,39,hard,768,budget,0.0780669144981413,0,0,-0.5428571428571429,0.24988516825343113,0.6119698389081711
16,4,0,easy,512,collapse,0.900398406374502,0,0,-0.6546536707079772,0.9589208125773839,0.27418436891512654
16,4,1,easy,336,box,0.11728395061728392,1,1,-0.5428571428571429,0.33008874356628604,0.6885772787129625
16,4,2,easy,592,box,0.1572700296735905,1,1,0.3714285714285715,0.2845742920906367,0.5993898657615837
16,4,3,easy,576,box,0.33994334277620397,1,1,0.2571428571428572,0.2708031932996711,0.2839359299655078
16,4,4,easy,352,collapse,0.9012738853503185,0,0,-0.6546536707079772,0.0,0.5257138653730687
16,4,5,easy,768,budget,0.0893470790378007,0,0,0.5428571428571429,0.19006551297713595,0.5043032914705429
16,4,6,easy,768,budget,0.17927170868347342,0,0,0.14285714285714288,0.26732247994758557,0.5041977307209231
16,4,7,easy,320,box,0.029069767441860517,1,1,0.2571428571428572,0.22176842876842084,0.47665880543607975
16,4,8,easy,448,eos,0.19064748201438853,0,0,-0.3714285714285715,0.20631860547340966,0.4708369356997594
16,4,9,easy,768,budget,0.6413793103448275,0,0,-0.5507824838698261,0.48861562795542396,0.2364841594242622
16,4,10,easy,448,box,0.08116883116883122,1,0,0.3714285714285715,0.2564174910025037,0.4668786547922855
16,4,11,easy,768,budget,0.0,0,0,-0.2,0.05932527084717898,0.16257145732692288
16,4,12,easy,448,box,0.038610038610038644,1,1,-0.6571428571428573,0.14723626207328624,0.5491514362447987
16,4,13,easy,768,budget,0.8821292775665399,0,0,-0.16903085094570333,0.8631942782730133,0.042124941806052744
16,4,14,easy,272,eos,0.07727272727272727,0,0,0.942857142857143,0.23289821675120678,0.5391974728474828
16,4,15,easy,768,budget,0.8254189944134078,0,0,-0.8451542547285166,0.0012266111593474118,0.5847455604805785
16,4,16,easy,208,box,0.0,1,1,0.4285714285714286,0.08395115578144037,0.542910976415985
16,4,17,easy,240,box,0.125,1,1,0.6,0.23358396296410344,0.5974712875251532
16,4,18,easy,768,budget,0.06896551724137934,0,0,-0.942857142857143,0.09024021513440612,0.4009069858510133
16,4,19,easy,768,budget,0.7545271629778671,0,0,-0.7142857142857143,0.7297636251735347,0.2435204350956314
16,4,20,medium,768,budget,0.0,0,0,-0.4285714285714286,0.1297626032841791,0.24759115583949692
16,4,21,medium,768,budget,0.8811320754716981,0,0,-0.6,0.9104094440748229,0.17780992587006708
16,4,22,medium,416,box,0.11764705882352944,1,0,-0.028571428571428574,0.20026955783003492,0.4738043644782636
16,4,23,medium,416,eos,0.1166666666666667,0,0,0.3714285714285715,0.19311352341214189,0.3740350891582215
16,4,24,medium,704,box,0.1581920903954802,1,1,-0.7714285714285715,0.30288516087856576,0.3152737479038371
16,4,25,medium,768,budget,0.17880794701986757,0,0,-0.8285714285714287,0.11450919738701683,0.33338361734449046
16,4,26,medium,768,budget,0.7227722772277227,0,0,-0.7775419143502353,0.02076167075848052,0.37426503837250047
16,4,27,medium,768,budget,0.7947214076246334,0,0,-0.8451542547285166,0.0008640280286588812,0.5718967222034615
16,4,28,medium,768,budget,0.15833333333333333,0,0,-0.8285714285714287,0.21946977883285507,0.4505416520629736
16,4,29,medium,768,budget,0.8148710166919575,0,0,-0.8451542547285166,0.7961057537139272,0.24221656830119523
16,4,30,hard,768,budget,0.8180473372781065,0,0,-0.8451542547285166,0.004810596792959793,0.4581639064781696
16,4,31,hard,768,budget,0.3937677053824362,0,0,-1.0,0.3157405048196733,0.3527030273144118
16,4,32,hard,32,eos,0.0,0,0,nan,nan,nan
16,4,33,hard,768,budget,0.8048128342245989,0,0,-0.8451542547285166,0.6666435123303524,0.038946434461170854
16,4,34,hard,768,budget,0.8735083532219571,0,0,-0.48571428571428577,0.8760165012972839,0.32026449225204684
16,4,35,hard,16,box,0.0,1,0,nan,nan,nan
16,4,36,hard,768,budget,0.8875379939209727,0,0,0.057977103565244846,0.9747544868803303,0.19147305222872174
16,4,37,hard,480,box,0.2053571428571429,1,0,0.7142857142857143,0.332371739086692,0.581068357384014
16,4,38,hard,448,collapse,0.9035294117647059,0,0,-0.6546536707079772,0.0,0.31164430015721234
16,4,39,hard,576,collapse,0.9006211180124224,0,0,-0.6546536707079772,0.9682937085878675,0.1282660532585037
16,8,0,easy,176,collapse,0.9011627906976745,0,0,-0.6546536707079772,0.971364426925432,0.21220112413801595
16,8,1,easy,320,collapse,0.9019607843137255,0,0,-0.6546536707079772,0.0,0.6844472506853146
16,8,2,easy,768,budget,0.18518518518518523,0,0,-0.5428571428571429,0.04637798697584053,0.4630309939771273
16,8,3,easy,768,budget,0.879182156133829,0,0,-0.6546536707079772,0.0,0.344074082549406
16,8,4,easy,352,collapse,0.9012738853503185,0,0,-0.6546536707079772,0.0,0.6100395308034274
16,8,5,easy,768,budget,0.0,0,0,-0.4285714285714286,0.07520826494327722,0.28971133551830763
16,8,6,easy,464,collapse,0.9006772009029346,0,0,-0.16903085094570333,0.9871475924562861,0.2400398074895987
16,8,7,easy,768,budget,0.0,0,0,-0.2571428571428572,0.10424072202975707,0.43324106957747444
16,8,8,easy,768,budget,0.0,0,0,nan,nan,nan
16,8,9,easy,768,budget,0.8558558558558559,0,0,-0.6546536707079772,0.004233618752803837,0.2686221668917528
16,8,10,easy,336,collapse,0.9027355623100304,0,0,-0.16903085094570333,0.9754647726876173,0.04089935313082387
16,8,11,easy,768,budget,0.19999999999999996,0,0,-0.6546536707079772,0.0,0.32081759636181717
16,8,12,easy,768,budget,0.8993288590604027,0,0,0.0,0.949187409487541,0.16052067982289905
16,8,13,easy,768,budget,0.0,0,0,nan,nan,nan
16,8,14,easy,320,collapse,0.9050632911392404,0,0,-0.6546536707079772,0.9770607411173866,0.1943001959808136
16,8,15,easy,64,eos,0.0,0,0,0.6571428571428573,0.23947621246634962,0.40335716831615137
16,8,16,easy,224,eos,0.008849557522123908,0,0,0.08571428571428573,0.09816333842243331,0.5311481830788596
16,8,17,easy,608,collapse,0.9015817223198594,0,0,-0.6546536707079772,0.0,0.6358859676344335
16,8,18,easy,560,collapse,0.9014869888475836,0,0,-0.6546536707079772,0.0,0.36349126589897063
16,8,19,easy,768,budget,0.8631123919308358,0,0,-0.6546536707079772,0.0,0.513026251895404
16,8,20,medium,528,collapse,0.90020366598778,0,0,-0.6546536707079772,0.0,0.4504724848044674
16,8,21,medium,416,collapse,0.9002493765586035,0,0,-0.6546536707079772,0.0,0.1876999650892642
16,8,22,medium,256,collapse,0.9043478260869565,0,0,-0.6546536707079772,0.0,0.42466412726156116
16,8,23,medium,352,collapse,0.9009009009009009,0,0,-0.6546536707079772,0.0,0.354664266502826
16,8,24,medium,768,budget,0.01980198019801982,0,0,-0.3714285714285715,0.17557735995529913,0.2678438844944255
16,8,25,medium,768,budget,0.052631578947368474,0,0,0.2571428571428572,0.23823421666793745,0.2500357140199572
16,8,26,medium,768,budget,0.8881118881118881,0,0,-0.6546536707079772,0.0,0.2770228044065179
16,8,27,medium,528,collapse,0.9030303030303031,0,0,-0.6546536707079772,0.9656513795425924,0.05427550241968518
16,8,28,medium,768,budget,0.07594936708860756,0,0,-0.942857142857143,0.07217817626334196,0.09880772015128574
16,8,29,medium,416,collapse,0.9015151515151515,0,0,-0.6546536707079772,0.0,0.5124628738890719
16,8,30,hard,608,collapse,0.9023508137432188,0,0,-0.6546536707079772,0.0,0.43127956952315527
16,8,31,hard,768,budget,0.0,0,0,-0.7714285714285715,0.053078623125698415,0.3379667954477916
16,8,32,hard,32,eos,0.0,0,0,nan,nan,nan
16,8,33,hard,416,collapse,0.9037037037037037,0,0,-0.6546536707079772,0.9853919565272917,0.053650067969818215
16,8,34,hard,720,collapse,0.9011627906976745,0,0,-0.6546536707079772,0.0,0.5195207352979548
16,8,35,hard,768,budget,0.19999999999999996,0,0,nan,nan,nan
16,8,36,hard,128,collapse,0.9032258064516129,0,0,-0.6546536707079772,0.965006532128019,0.11082509012008247
16,8,37,hard,512,collapse,0.9018036072144289,0,0,-0.6546536707079772,0.0,0.5671700887907025
16,8,38,hard,768,collapse,0.9016620498614958,0,0,-0.6546536707079772,0.0,0.363658354409106
16,8,39,hard,768,budget,0.0,0,0,-0.028571428571428574,0.05112408938383351,0.565243718969624
16,16,0,easy,48,eos,0.4642857142857143,0,0,-0.23190841426097938,0.3732818290355923,0.22402136442755222
16,16,1,easy,768,budget,0.8483965014577259,0,0,-0.3714285714285715,0.9290415213885344,0.2518897610191941
16,16,2,easy,432,collapse,0.9014423076923077,0,0,-0.16903085094570333,0.9626866055092137,0.16391398271945967
16,16,3,easy,192,collapse,0.9032258064516129,0,0,-0.6546536707079772,0.0,0.24504746952652823
16,16,4,easy,768,budget,0.0,0,0,nan,nan,nan
16,16,5,easy,304,collapse,0.901060070671378,0,0,0.0,0.9783343613015971,0.07625408559956529
16,16,6,easy,48,eos,0.8,0,0,-0.6546536707079772,0.759459035138887,0.23733645753139887
16,16,7,easy,288,collapse,0.9049295774647887,0,0,-0.6546536707079772,0.0,0.4350450771171083
16,16,8,easy,768,budget,0.33333333333333337,0,0,0.23190841426097938,0.21311074279764847,0.2149535043785139
16,16,9,easy,512,collapse,0.9014675052410901,0,0,-0.6546536707079772,0.9877479026726969,0.18307178977712052
16,16,10,easy,768,budget,0.49295774647887325,0,0,-0.753702346348183,0.34631842152566417,0.07681151897306687
16,16,11,easy,768,budget,0.7241379310344828,0,0,-0.7775419143502353,0.018977731856359047,0.2193693132408271
16,16,12,easy,208,collapse,0.907608695652174,0,0,-0.6546536707079772,0.640457048541388,0.13395078577691594
16,16,13,easy,176,collapse,0.9074074074074074,0,0,0.0,0.9744431088444939,0.13408281857669066
16,16,14,easy,48,eos,0.5945945945945945,0,0,0.3825184261187248,0.5455783512820765,0.2286178793183855
16,16,15,easy,176,collapse,0.9085365853658537,0,0,-0.16903085094570333,0.9681039448441707,0.24717354834141203
16,16,16,easy,768,budget,0.7068965517241379,0,0,-0.8451542547285166,0.6078472763246829,0.015101850298095172
16,16,17,easy,400,collapse,0.9002624671916011,0,0,-0.6546536707079772,0.0,0.47579067479275705
16,16,18,easy,768,budget,0.26530612244897955,0,0,-0.9856107606091623,0.06770276430840921,0.2872170047396249
16,16,19,easy,768,budget,0.0,0,0,-0.942857142857143,0.013978043259963543,0.3593071055839735
16,16,20,medium,320,collapse,0.9003215434083601,0,0,-0.6546536707079772,0.0,0.3928483024824086
16,16,21,medium,128,collapse,0.9411764705882353,0,0,-0.6546536707079772,0.0,0.060810772756984405
16,16,22,medium,80,eos,0.7068965517241379,0,0,0.16903085094570333,0.7497106441156743,0.25792928929383324
16,16,23,medium,128,collapse,0.9098360655737705,0,0,-0.6546536707079772,0.0,0.11394326640892033
16,16,24,medium,768,budget,0.0,0,0,-0.7247137945655605,0.01205543344688421,0.24627072819932377
16,16,25,medium,400,collapse,0.9010416666666666,0,0,0.08571428571428573,0.9862524048156303,0.1834099712344461
16,16,26,medium,128,collapse,0.9032258064516129,0,0,-0.6546536707079772,0.0,0.19166568840820264
16,16,27,medium,48,eos,0.6756756756756757,0,0,0.3825184261187248,0.6409794435133043,0.18063964720256806
16,16,28,medium,208,collapse,0.906832298136646,0,0,-0.6546536707079772,0.0,0.13594790756173059
16,16,29,medium,304,collapse,0.9049295774647887,0,0,-0.6546536707079772,0.0,0.4590442689798647
16,16,30,hard,768,budget,0.33766233766233766,0,0,-0.8804062740424288,0.2533722687795185,0.09257983150196057
16,16,31,hard,384,collapse,0.9003115264797508,0,0,-0.6546536707079772,0.9841942030427103,0.011475580298587414
16,16,32,hard,768,budget,0.0,0,0,nan,nan,nan
16,16,33,hard,768,budget,0.5731707317073171,0,0,-0.6982532518267538,0.32623230229081623,0.20031619907913403
16,16,34,hard,128,collapse,0.9032258064516129,0,0,-0.6546536707079772,0.0,0.37667122503464745
16,16,35,hard,768,budget,0.5344827586206897,0,0,-0.6546536707079772,0.8469659727114319,0.030480451734807276
16,16,36,hard,128,collapse,0.9186991869918699,0,0,-0.6546536707079772,0.0,0.2186304763257544
16,16,37,hard,160,collapse,0.9038461538461539,0,0,0.0,0.8093263260680373,0.25347714774211727
16,16,38,hard,768,budget,0.5272727272727273,0,0,0.3825184261187248,0.6470978989702711,0.17326481690578643
16,16,39,hard,768,budget,0.6612903225806452,0,0,-0.8451542547285166,0.48578292255782274,0.06845964571009533
32,1,0,easy,768,budget,0.08582089552238803,0,0,-0.7714285714285715,0.2642001855145874,0.5997875465431506
32,1,1,easy,416,box,0.1393034825870647,1,1,-0.7142857142857143,0.37822874908472437,0.6876649507791968
32,1,2,easy,512,box,0.14022140221402213,1,1,0.2,0.2527455875276662,0.5649052997747844
32,1,3,easy,608,box,0.2273838630806846,1,1,-0.4285714285714286,0.20020587525200284,0.32642536989073856
32,1,4,easy,320,box,0.11971830985915488,1,1,0.08571428571428573,0.19160030248953816,0.6039880383032425
32,1,5,easy,768,budget,0.3061797752808989,0,0,0.8857142857142858,0.31421544835054943,0.40840574440590693
32,1,6,easy,768,budget,0.21212121212121215,0,0,-0.6,0.2498893591693174,0.4642484496012566
32,1,7,easy,384,box,0.028436018957345932,1,0,-0.6571428571428573,0.21214210767363487,0.43074128647205784
32,1,8,easy,288,box,0.11728395061728392,1,0,-0.14285714285714288,0.17343148882111997,0.492614070294209
32,1,9,easy,512,box,0.05797101449275366,1,0,0.5428571428571429,0.18158775418402304,0.46512080619738017
32,1,10,easy,384,box,0.2836879432624113,1,0,-0.14285714285714288,0.391953525820394,0.4172896661398934
32,1,11,easy,192,box,0.025316455696202556,1,1,0.08571428571428573,0.10648480651068869,0.38188119336304305
32,1,12,easy,416,box,0.05284552845528456,1,1,-0.7714285714285715,0.143753480490772,0.4973745867142865
32,1,13,easy,416,box,0.14204545454545459,1,1,0.7714285714285715,0.11882788204457707,0.38226441039713044
32,1,14,easy,352,box,0.16800000000000004,1,1,0.08571428571428573,0.23013701033683534,0.5810623354900312
32,1,15,easy,320,box,0.1573033707865169,1,0,-0.2571428571428572,0.3403680568841497,0.3920138528223324
32,1,16,easy,192,box,0.0,1,1,0.028571428571428574,0.11134996958373854,0.471328084994776
32,1,17,easy,224,box,0.12244897959183676,1,1,0.2,0.19514465885970278,0.5456311498318266
32,1,18,easy,640,box,0.16425120772946855,1,1,0.2,0.17128455606574905,0.5384748062173227
32,1,19,easy,768,budget,0.32104121475054226,0,0,-0.942857142857143,0.3980366826449154,0.3535823093942842
32,1,20,medium,704,box,0.11204481792717091,1,1,-0.4285714285714286,0.35250270477478446,0.43772974789209906
32,1,21,medium,768,budget,0.06544502617801051,0,0,-0.48571428571428577,0.2269212887809503,0.3374029129408941
32,1,22,medium,416,box,0.15702479338842978,1,0,-0.2571428571428572,0.1828556935589169,0.46018095784818047
32,1,23,medium,608,box,0.12101910828025475,1,0,0.3142857142857143,0.2383281547184852,0.33571605208834376
32,1,24,medium,640,box,0.12040133779264217,1,0,-0.5428571428571429,0.26580220927200826,0.2623038195962817
32,1,25,medium,768,box,0.2605210420841684,1,1,0.2,0.2279969666403837,0.45781213082243166
32,1,26,medium,768,box,0.07862407862407861,1,0,0.3142857142857143,0.24310986727228343,0.3570730032158614
32,1,27,medium,768,budget,0.07235142118863047,0,0,-0.3142857142857143,0.22556907197076229,0.4539567820459622
32,1,28,medium,768,budget,0.01904761904761909,0,0,-0.6,0.20346783529427726,0.43752976749455547
32,1,29,medium,768,budget,0.19956140350877194,0,0,-0.4285714285714286,0.1984496252964588,0.45137971899866164
32,1,30,hard,768,budget,0.3795620437956204,0,0,0.08571428571428573,0.34057506804760956,0.5208222694331551
32,1,31,hard,768,budget,0.06451612903225812,0,0,-0.942857142857143,0.24919478962626626,0.4758662572229627
32,1,32,hard,416,box,0.2441860465116279,1,1,0.2571428571428572,0.30954410333508897,0.4735225093776302
32,1,33,hard,672,box,0.17099567099567103,1,0,-0.028571428571428574,0.29460685133487124,0.4873062488893066
32,1,34,hard,480,box,0.241635687732342,1,0,-0.3714285714285715,0.25905602190384847,0.47764960005042645
32,1,35,hard,352,eos,0.21621621621621623,0,0,0.6571428571428573,0.22679916895921934,0.2889351413454046
32,1,36,hard,768,box,0.16556291390728473,1,0,-0.2571428571428572,0.2873221278994861,0.28423289077504793
32,1,37,hard,704,box,0.2060185185185185,1,1,-0.08571428571428573,0.3076945696735515,0.6637838478947634
32,1,38,hard,768,budget,0.19310344827586212,0,0,-0.7714285714285715,0.31969517255058616,0.16473726615501513
32,1,39,hard,768,budget,0.4787644787644788,0,0,0.14285714285714288,0.7321001770323716,0.418360949160927
32,2,0,easy,768,budget,0.15873015873015872,0,0,-0.8285714285714287,0.22749711261340747,0.4828144001244222
32,2,1,easy,416,box,0.1116751269035533,1,1,-0.5428571428571429,0.3405185267123708,0.665522608231638
32,2,2,easy,480,box,0.12643678160919536,1,1,0.2,0.22253991371631596,0.5443704316286618
32,2,3,easy,544,box,0.15258855585831066,1,1,-0.2571428571428572,0.15425084866906144,0.3749663558398531
32,2,4,easy,768,budget,0.07749077490774903,0,0,0.08571428571428573,0.3310127688267463,0.5044754558540286
32,2,5,easy,768,budget,0.1826625386996904,0,0,-1.0,0.2716343475231825,0.22657667562714348
32,2,6,easy,768,budget,0.17867435158501443,0,0,0.2,0.28968664422454343,0.42143128116772804
32,2,7,easy,288,box,0.027972027972028024,1,1,0.48571428571428577,0.1967006736393463,0.5365242020932909
32,2,8,easy,224,eos,0.0234375,0,0,-0.4285714285714286,0.0957926644725516,0.4365930846943167
32,2,9,easy,448,box,0.07228915662650603,1,0,0.3142857142857143,0.17244232626536518,0.4426505055404993
32,2,10,easy,320,eos,0.26696832579185525,0,0,-0.6,0.36886890925256977,0.4053267779958074
32,2,11,easy,256,box,0.01941747572815533,1,1,0.3714285714285715,0.09491087462594722,0.3798356598574163
32,2,12,easy,352,box,0.03488372093023251,1,1,-0.942857142857143,0.1284018128867163,0.5476398164583509
32,2,13,easy,480,box,0.11702127659574468,1,1,1.0,0.21056438553583934,0.37365036401837
32,2,14,easy,384,box,0.18799999999999994,1,1,0.028571428571428574,0.28431755624902694,0.5282805290854131
32,2,15,easy,160,box,0.13725490196078427,1,0,0.2,0.2810198389699731,0.4443449806648325
32,2,16,easy,192,box,0.028846153846153855,1,1,0.6,0.10543320475890965,0.4488285353885602
32,2,17,easy,256,box,0.15384615384615385,1,1,0.6571428571428573,0.27860610581571715,0.5679230025066099
32,2,18,easy,768,budget,0.6395833333333334,0,0,-0.3714285714285715,0.6927709018012204,0.2422939851537809
32,2,19,easy,768,budget,0.12468827930174564,0,0,-0.7714285714285715,0.23505689830734008,0.4004566496307889
32,2,20,medium,736,box,0.10361445783132528,1,0,-0.7142857142857143,0.21310603831975097,0.5148347288637086
32,2,21,medium,640,box,0.1584699453551912,1,0,0.028571428571428574,0.18305209114698665,0.4277473604036928
32,2,22,medium,352,box,0.0625,1,0,-0.3142857142857143,0.14951085463112218,0.4120343912593671
32,2,23,medium,544,box,0.16171617161716167,1,0,-0.08571428571428573,0.2483481699816693,0.366579713986901
32,2,24,medium,768,budget,0.21958456973293772,0,0,-0.8285714285714287,0.414834068743148,0.23117333427962627
32,2,25,medium,768,budget,0.27254509018036077,0,0,0.2,0.2079552727086758,0.45809011859085863
32,2,26,medium,640,box,0.05980066445182719,1,0,-0.5428571428571429,0.17199139331157504,0.3158459660770766
32,2,27,medium,736,box,0.06367924528301883,1,0,-0.4285714285714286,0.22733635991045636,0.5344638813575688
32,2,28,medium,768,budget,0.02310231023102305,0,0,-0.5428571428571429,0.255283542798557,0.40669953431375533
32,2,29,medium,640,box,0.10502283105022836,1,0,0.6,0.24485933684898115,0.436279664796286
32,2,30,hard,768,budget,0.06382978723404253,0,0,0.14285714285714288,0.2986773711263936,0.5619150473326033
32,2,31,hard,768,budget,0.06309148264984232,0,0,-0.7714285714285715,0.24745016944631334,0.4724084114116623
32,2,32,hard,224,eos,0.06956521739130439,0,0,0.2571428571428572,0.1841042245413564,0.37496793007338636
32,2,33,hard,768,budget,0.8447098976109215,0,0,-0.6,0.8329897769100223,0.25772970940593576
32,2,34,hard,256,box,0.14880952380952384,1,0,0.2,0.37362144360025007,0.5626163893727875
32,2,35,hard,320,eos,0.08280254777070062,0,0,0.5428571428571429,0.1931753506774681,0.32948038018553677
32,2,36,hard,608,box,0.10441767068273089,1,0,-0.08571428571428573,0.27992027416079374,0.3318926149957048
32,2,37,hard,768,budget,0.3783783783783784,0,0,-1.0,0.29879332976434975,0.4285870641173194
32,2,38,hard,768,budget,0.03488372093023251,0,0,-0.08571428571428573,0.21691881431006296,0.3732906810685379
32,2,39,hard,768,budget,0.37850467289719625,0,0,0.6,0.5625450103389742,0.5599498704920503
32,4,0,easy,192,box,0.027272727272727226,1,0,-0.2,0.16844642638062318,0.41757731803812803
32,4,1,easy,352,box,0.0535714285714286,1,1,-0.5428571428571429,0.2724605823673843,0.6859603477957639
32,4,2,easy,512,box,0.16923076923076918,1,1,0.6,0.22697957150218664,0.6127448205591741
32,4,3,easy,768,budget,0.29314420803782504,0,0,-0.6571428571428573,0.259542343115869,0.22481123664428287
32,4,4,easy,96,box,0.12903225806451613,1,1,-0.5428571428571429,0.11694844232214882,0.5866857168276137
32,4,5,easy,768,budget,0.10631229235880402,0,0,0.08571428571428573,0.19982609429101234,0.4669644780964272
32,4,6,easy,768,budget,0.05676855895196509,0,0,0.2,0.20629473208520951,0.5466959964513209
32,4,7,easy,320,box,0.06043956043956045,1,1,0.3142857142857143,0.20528619840787724,0.5218683409395156
32,4,8,easy,768,budget,0.0714285714285714,0,0,nan,nan,nan
32,4,9,easy,256,eos,0.03960396039603964,0,0,0.48571428571428577,0.15479746730616456,0.492739367731022
32,4,10,easy,160,box,0.09322033898305082,1,0,-0.3714285714285715,0.20944179478915098,0.4539347953016775
32,4,11,easy,192,box,0.03448275862068961,1,1,0.4285714285714286,0.18273921494112674,0.24525977176188485
32,4,12,easy,768,budget,0.4022988505747126,0,0,-0.4285714285714286,0.29659539873695273,0.2998994008800695
32,4,13,easy,192,eos,0.01041666666666663,0,0,-0.08571428571428573,0.1647554044863053,0.27207506535347054
32,4,14,easy,160,box,0.03409090909090906,1,0,0.2571428571428572,0.11220189033871067,0.49643202857304264
32,4,15,easy,768,budget,0.8748221906116643,0,0,-0.057977103565244846,0.9541548050323886,0.3526170457935156
32,4,16,easy,256,box,0.022058823529411797,1,1,0.2571428571428572,0.10389156613456427,0.5253140575745789
32,4,17,easy,192,box,0.17045454545454541,1,0,0.2,0.17756516499932615,0.5179225892686233
32,4,18,easy,768,budget,0.6502242152466368,0,0,-0.9411239481143202,0.018843226747363367,0.48023962768625644
32,4,19,easy,352,box,0.07281553398058249,1,0,0.14285714285714288,0.17003889651561746,0.4493740733787521
32,4,20,medium,768,budget,0.4620689655172414,0,0,-0.9276336570439175,0.12129971278953655,0.37990400880489433
32,4,21,medium,768,budget,0.4989648033126294,0,0,-0.9276336570439175,0.2713541582013257,0.13903387983235205
32,4,22,medium,448,collapse,0.9016786570743405,0,0,-0.6546536707079772,0.9806091061692361,0.046048669530969845
32,4,23,medium,416,eos,0.06341463414634141,0,0,-0.08571428571428573,0.15134197806211638,0.328053297006927
32,4,24,medium,768,budget,0.34504792332268375,0,0,-0.48571428571428577,0.3958517213373349,0.21266506093276902
32,4,25,medium,768,budget,0.3448275862068966,0,0,-0.3142857142857143,0.24604499410296288,0.36534025326452574
32,4,26,medium,768,budget,0.5604395604395604,0,0,-0.8804062740424288,0.062406936105715724,0.3608959129434816
32,4,27,medium,768,budget,0.10869565217391308,0,0,0.14285714285714288,0.1972045605671041,0.3745106087090707
32,4,28,medium,640,box,0.02508960573476704,1,0,-0.3714285714285715,0.1993343241241243,0.42656403036530316
32,4,29,medium,768,budget,0.32198142414860687,0,0,-0.9856107606091623,0.4988150450961498,0.27081451616839713
32,4,30,hard,768,budget,0.5567010309278351,0,0,-0.6,0.49066465964582506,0.3380447356070283
32,4,31,hard,768,budget,0.10763888888888884,0,0,-0.14285714285714288,0.20812530104050259,0.5803493750441611
32,4,32,hard,768,budget,0.09090909090909094,0,0,-0.3714285714285715,0.15109084202382367,0.2848096453633988
32,4,33,hard,352,collapse,0.9064327485380117,0,0,0.0,0.9823071446795473,0.05407344087276887
32,4,34,hard,416,eos,0.31304347826086953,0,0,-0.4285714285714286,0.26229701701142255,0.5097526438241899
32,4,35,hard,768,budget,0.0,0,0,nan,nan,nan
32,4,36,hard,768,budget,0.05641025641025643,0,0,-0.48571428571428577,0.29956086990887937,0.2922444942002346
32,4,37,hard,768,budget,0.7908256880733945,0,0,-0.48571428571428577,0.9319382768169705,0.43551090730789666
32,4,38,hard,768,budget,0.3207547169811321,0,0,-0.3714285714285715,0.4148616168513918,0.16038797433401605
32,4,39,hard,768,budget,0.5728155339805825,0,0,-0.2,0.5717078966651991,0.4111934422010599
32,8,0,easy,768,budget,0.027027027027026973,0,0,-0.14285714285714288,0.09946199597588702,0.4127035947832116
32,8,1,easy,768,budget,0.0,0,0,-0.7142857142857143,0.0785076499566024,0.408433890988481
32,8,2,easy,768,budget,0.05084745762711862,0,0,-0.7714285714285715,0.14247544321933991,0.43902772346623303
32,8,3,easy,768,budget,0.750373692077728,0,0,-0.8451542547285166,0.042565373885682566,0.38435909061953594
32,8,4,easy,288,collapse,0.9032258064516129,0,0,-0.16903085094570333,0.9650831757742004,0.25372788276458536
32,8,5,easy,640,eos,0.0945454545454546,0,0,0.14285714285714288,0.24596086301468556,0.2327717075923483
32,8,6,easy,768,budget,0.6603773584905661,0,0,-0.8451542547285166,0.05069528909804564,0.4921096180938568
32,8,7,easy,768,budget,0.0,0,0,-0.4285714285714286,0.10725292754521053,0.4188675379103591
32,8,8,easy,768,budget,0.0,0,0,-0.6571428571428573,0.07661846101238771,0.24844684077593088
32,8,9,easy,128,eos,0.0,0,0,-0.7142857142857143,0.08650961272194556,0.23228138996374584
32,8,10,easy,288,collapse,0.9049295774647887,0,0,-0.16903085094570333,0.9764459014795699,0.05100560405856636
32,8,11,easy,288,collapse,0.9115384615384615,0,0,-0.6546536707079772,0.0,0.17633744185839764
32,8,12,easy,768,budget,0.21052631578947367,0,0,-0.5428571428571429,0.29472505718116043,0.3198753857518909
32,8,13,easy,768,budget,0.01754385964912286,0,0,-0.6571428571428573,0.06456544500126785,0.20764091000529056
32,8,14,easy,480,collapse,0.9065817409766455,0,0,-0.6546536707079772,0.9623137792183208,0.10294798397977678
32,8,15,easy,96,eos,0.03389830508474578,0,0,-0.14285714285714288,0.2240266109519176,0.43307210926113004
32,8,16,easy,160,box,0.0,1,0,-0.028571428571428574,0.06474332040827982,0.4003699067198871
32,8,17,easy,768,budget,0.012820512820512775,0,0,-0.3714285714285715,0.16126936351968796,0.5210174210601582
32,8,18,easy,768,budget,0.8606896551724138,0,0,-0.6546536707079772,0.0,0.4407968358889399
32,8,19,easy,768,budget,0.8972222222222223,0,0,-0.6546536707079772,0.0,0.48098986779152253
32,8,20,medium,768,budget,0.0,0,0,-0.5428571428571429,0.048567312565759364,0.25615282833363057
32,8,21,medium,768,budget,0.8941798941798942,0,0,-0.6546536707079772,0.0,0.47017344186514104
32,8,22,medium,768,budget,0.0,0,0,0.08571428571428573,0.013583918426626587,0.2965522195187566
32,8,23,medium,544,collapse,0.9043151969981238,0,0,-0.6546536707079772,0.0,0.36318001885025003
32,8,24,medium,128,eos,0.0,0,0,-0.08571428571428573,0.10351552146236549,0.23983577745073886
32,8,25,medium,576,collapse,0.9009009009009009,0,0,-0.6546536707079772,0.9875412742925308,0.18263137941729835
32,8,26,medium,768,budget,0.0,0,0,-0.4285714285714286,0.09366209165835473,0.28146591886657135
32,8,27,medium,384,collapse,0.9060773480662984,0,0,-0.6546536707079772,0.0,0.3244036869774936
32,8,28,medium,576,collapse,0.9053497942386831,0,0,-0.6546536707079772,0.0,0.2576193883076221
32,8,29,medium,768,budget,0.0,0,0,-0.6,0.06817176482612837,0.2897864779338233
32,8,30,hard,768,budget,0.012048192771084376,0,0,-0.08571428571428573,0.08563110529834364,0.327033790834713
32,8,31,hard,768,budget,0.0,0,0,-0.8857142857142858,0.07569625037005952,0.4277187697642204
32,8,32,hard,768,budget,0.0,0,0,nan,nan,nan
32,8,33,hard,768,budget,0.0,0,0,nan,nan,nan
32,8,34,hard,448,collapse,0.9011494252873563,0,0,-0.6546536707079772,0.9877955809312146,0.20090845746199898
32,8,35,hard,768,budget,0.8966480446927374,0,0,-0.6546536707079772,0.9948411914908158,0.11651083739257505
32,8,36,hard,768,budget,0.06779661016949157,0,0,-0.6571428571428573,0.20361737654680037,0.22750393583440376
32,8,37,hard,384,collapse,0.9018567639257294,0,0,-0.16903085094570333,0.9840307772315715,0.27148019939222195
32,8,38,hard,768,collapse,0.9029957203994294,0,0,-0.6546536707079772,0.0,0.25073839230832906
32,8,39,hard,768,budget,0.0,0,0,-0.028571428571428574,0.22112184529610465,0.5021900315503846
32,16,0,easy,768,budget,0.11538461538461542,0,0,0.2571428571428572,0.11112616377702696,0.285471837070544
32,16,1,easy,640,collapse,0.9038461538461539,0,0,0.0,0.9855454219147418,0.2322493358092996
32,16,2,easy,768,budget,0.0,0,0,-0.4285714285714286,0.08957235792664438,0.4112681970379909
32,16,3,easy,256,collapse,0.9053497942386831,0,0,-0.6546536707079772,0.0,0.1792057261912734
32,16,4,easy,768,budget,0.5714285714285714,0,0,-0.46381682852195877,0.2767967379707514,0.21467878566937254
32,16,5,easy,416,collapse,0.907928388746803,0,0,0.0,0.9855560897363843,0.0824696078661491
32,16,6,easy,224,collapse,0.9136363636363636,0,0,-0.6546536707079772,0.0,0.40476913815539894
32,16,7,easy,384,collapse,0.9047619047619048,0,0,-0.942857142857143,0.962874973125808,0.24175556179758334
32,16,8,easy,768,budget,0.0,0,0,nan,nan,nan
32,16,9,easy,160,collapse,0.9025974025974026,0,0,-0.6546536707079772,0.0,0.18241063070169208
32,16,10,easy,256,collapse,0.904,0,0,-0.6546536707079772,0.9754472337703274,0.05293127668653827
32,16,11,easy,768,budget,0.0,0,0,nan,nan,nan
32,16,12,easy,288,collapse,0.9035714285714286,0,0,-0.6546536707079772,0.0,0.3723676217059291
32,16,13,easy,160,collapse,0.9047619047619048,0,0,-0.6546536707079772,0.9596671266875748,0.13759179798509355
32,16,14,easy,320,collapse,0.9015873015873016,0,0,-0.6546536707079772,0.9567822667433558,0.09625880649000264
32,16,15,easy,224,collapse,0.9090909090909091,0,0,-0.6546536707079772,0.9392241098162387,0.24920146159774084
32,16,16,easy,768,budget,0.0,0,0,nan,nan,nan
32,16,17,easy,768,budget,0.045454545454545414,0,0,-0.028571428571428574,0.10262672461471713,0.44663569456978536
32,16,18,easy,768,budget,0.0,0,0,-0.5428571428571429,0.026239620854748055,0.26889610253462515
32,16,19,easy,672,collapse,0.9024390243902439,0,0,-0.6546536707079772,0.0,0.4233110477558077
32,16,20,medium,448,collapse,0.9009661835748792,0,0,-0.6546536707079772,0.0,0.433165751704594
32,16,21,medium,352,collapse,0.9020771513353116,0,0,-0.6546536707079772,0.0,0.3503418847103904
32,16,22,medium,352,collapse,0.9063444108761329,0,0,-0.6546536707079772,0.0,0.4227271522580839
32,16,23,medium,768,budget,0.027027027027026973,0,0,-0.9856107606091623,0.01245039732249303,0.3025548033814107
32,16,24,medium,768,budget,0.0,0,0,nan,nan,nan
32,16,25,medium,608,collapse,0.9001692047377327,0,0,-0.6546536707079772,0.9909178888393745,0.17904336730501455
32,16,26,medium,192,collapse,0.9157303370786517,0,0,-0.6546536707079772,0.0,0.09127911485890168
32,16,27,medium,768,budget,0.0,0,0,nan,nan,nan
32,16,28,medium,352,collapse,0.907051282051282,0,0,-0.33806170189140666,0.9783317603765985,0.08227901024904594
32,16,29,medium,288,collapse,0.9070631970260223,0,0,-0.6546536707079772,0.0,0.32228008938558506
32,16,30,hard,288,collapse,0.9003831417624522,0,0,-0.6546536707079772,0.0,0.30891665718000744
32,16,31,hard,384,collapse,0.9026548672566371,0,0,-0.6546536707079772,0.9639017702171774,0.2004787023276242
32,16,32,hard,768,budget,0.1875,0,0,nan,nan,nan
32,16,33,hard,768,budget,0.0,0,0,nan,nan,nan
32,16,34,hard,288,collapse,0.9084507042253521,0,0,-0.6546536707079772,0.0,0.33330197018251395
32,16,35,hard,64,eos,0.0,0,0,nan,nan,nan
32,16,36,hard,192,collapse,0.9171597633136095,0,0,-0.6546536707079772,0.0,0.1337899382449132
32,16,37,hard,128,collapse,0.935483870967742,0,0,-0.6546536707079772,0.9856877455581231,0.23797498712666046
32,16,38,hard,288,collapse,0.9045801526717557,0,0,-0.6546536707079772,0.0,0.2709734092470062
32,16,39,hard,768,budget,0.0,0,0,nan,nan,nan
